LotNo,検入数,受注番号,外径,包装仕様NO,パレット種類,パレット名称,パレットサイズ,積数,台数,Re_積数,Re_台数,総高さ,コイル間,リプラサイズ,最下部本数,最下部長さ,最下部長さ_短,長い本数,短い本数,リプラ長さ,本数,IMI中間長さ,IMI中間本数,緩衝材,HB枚数,TotalC,赤い欄,枠の色,断られた,既知の違い,ねらい
L6052G0,6,03041506,1000,1C0118,全面,Z4,1100,3,2,,,,リプラ,30,3,1100,1000,6,0,1000,8,,,HB,2,14,枚数,,,,全面。**同じ番号の行が2つある仕様**(管理番号6/7)
L7134G0,7,65014912,900,1C1300,ｸｰﾗｰﾌｨﾝ,F4,940,,2,,,726,チップ,,,,,,,,,,,片面段ボール,4,0,"重量,高さ",,,,ｸｰﾗｰﾌｨﾝ。高さで積数が決まる
L8115T0,5,65017709,1075,1C1302,EXPS,E4,1150,3,2,,,,リプラ,40,3,1150,800,2,4,800,6,,,HB,2,12,枚数,,,,EXPS・脚高
N6520E0,3,55040984,1200,1C1188,,,,,,,,,,,,,,,,,,,,,,,,,,,EXPS。リプラサイズが「可変」。9/23 未実施
L815A51,10,49027626,1150,1C0132,全面,Z5,1200,3,2,2,2,,LVS,30,3,1200,1100,12,0,1100,12,,,HB,4,24,"枚数,包装仕様",赤,,,**1本積み不可**(枚数範囲=1不可)。最下部だけ LVS
L6531W0,3,19007517,1000,1C0113,スカシ,C8,1020,1,3,,,,外装紙 or チップ,,,,,,,,,,,HB,6,0,重量,,,,スカシ。重量で決まる。スペーサーが「外装紙 or チップ」
L5160Z0,5,62015953,1200,1C0123,スカシ,P6,1250,4,2,,,,リプラ,30,3,1150,1050,6,0,1050,6,,,HB,2,12,重量,,,,スカシ・強度アップ。**受注番号の候補が2つ**
L8155N0,6,13067400,900,1C1103,,,,,,,,,,,,,,,,,,,,,,,,,引当データなし,,**断られるはず**(引当データなし)。ｲｽﾞﾐﾒﾀﾙ特例の仕様。9/23 VBA: 引当なしで断られた(現場の報告)
L716N52,10,18036491,950,1C1125,,,,,,,,,,,,,,,,,,,,,,,,,,,全面。高さで積数が決まる。9/23 VBA: オーダーなし。9/23 08:45 の台帳でも受注が消えていて、移植も候補なし(一致)
L7213A0,5,25000860,1040,1C1282,EXPS,E3,1050,3,2,,,,リプラ,40,5,1050,600,2,4,800,6,950,4,HB,2,16,枚数,,,,**ｱｲｴﾑｱｲｶﾊﾞｰ**。中間リプラが出る(2行出力)。9/23 09:02 に再試行 → 一致(中間リプラ 950mm・4本まで)
L7300Q0,5,50021013,980,1C1281,全面,Z3,1000,3,2,,,501mm,LVS,30,3,1000,900,6,0,900,6,,,HB,2,12,"枚数,高さ,包装仕様",,,,全面。包装仕様の印が立つ
L5360E2,10,65020067,1160,1C1293,,,,,,,,,,,,,,,,,,,,,,,,,,,EXPS。重量で決まる。9/23 VBA: オーダーなし。9/23 08:45 の台帳でも受注が消えていて、移植も候補なし(一致)
Q0118A0,6,QQ0118A0,1000,1C0118,全面,Z4,1100,3,2,,,,リプラ,30,3,1100,1000,6,0,1000,8,,,HB,2,14,枚数,,,,疑似ロット: 対照。L6052G0 と同じ値 → 16/16 と同じ答えになるはず(受注 03041506 の値)
Q1188A0,3,QQ1188A0,1200,1C1188,EXPS,E5,1250,2,2,,,,リプラ,30,3,1250,900,2,4,900,2,,,HB,2,8,"枚数,包装仕様",,,,疑似ロット: EXPS・リプラサイズ可変(受注 55040968 の値)
Q1293A0,10,QQ1293A0,1160,1C1293,EXPS,E5,1250,9,2,,,,チップ,,,,,,,,,,,片面段ボール,4,0,重量,,,,疑似ロット: EXPS・重量(受注 65018293 の値)
Q0125A0,5,QQ0125A0,1100,1C0125,ｸｰﾗｰﾌｨﾝ,F6,1150,5,1,,,,チップ,,,,,,,,,,,HB,2,0,重量,,,,疑似ロット: ｸｰﾗｰﾌｨﾝ・重量(受注 20049615 の値)
Q1297A0,6,QQ1297A0,1100,1C1297,全面,Z5,1200,6,1,,,,リプラ,30,2,1200,1100,2,0,1100,10,,,HB,1,12,重量,,,,疑似ロット: ｺﾄﾌﾞｷｾｲﾐﾂ(受注 65020737 の値)
Q1258A0,4,QQ1258A0,1180,1C1258,全面,Z5,1200,1,4,,,,クラフト,,,,,,,,,,,ﾌﾟﾛﾃｯｸ,8,0,枚数,,,,疑似ロット: 全面・外径指定(段階表)(受注 12088522 の値)
Q1271A0,6,QQ1271A0,900,1C1271,EXPS,E3,1050,,1,,,1494mm,リプラ,80,2,,,,,,,,,ﾌﾟﾛﾃｯｸ,,0,"重量,包装仕様",,,,疑似ロット: EXPS・1050指定・青・リプラ80(長さなし)(受注 65019697 の値)
Q1277A0,7,QQ1277A0,930,1C1277,EXPS,E2,950,3,3,,,,チップ,,,,,,,,,,,HB,6,0,"枚数,包装仕様",,,,疑似ロット: EXPS・950指定・脚高・チップ(受注 54034293 の値)
Q1289A0,5,QQ1289A0,1500,1C1289,EXPS,E8,1500,3,2,,,,クラフト,,,,,,,,,,,ﾌﾟﾛﾃｯｸ,4,0,重量,,,,疑似ロット: EXPS・1500指定・脚狭・クラフト(受注 65017170 の値)
Q1262A0,5,QQ1262A0,1500,1C1262,全面,Z8,1550,2,3,,,,リプラ,40,0,1550,1150,0,0,1150,4,,,HB,3,4,枚数,,,,疑似ロット: 全面・リプラ40・枚数範囲max(受注 23007826 の値)
Q1125A0,10,QQ1125A0,950,1C1125,全面,Z3,1000,8,2,,,1034,リプラ,30,3,1000,900,6,0,900,28,,,HB,2,34,"重量,高さ",,,,疑似ロット: 全面・高さで決まる(L716N52 の値)(受注 18036491 の値)
Q1103A0,6,QQ1103A0,760,1C1103,全面,Z1,800,2,3,,,,リプラ,30,3,800,700,9,0,700,6,,,HB,3,15,枚数,,,,疑似ロット: ｲｽﾞﾐﾒﾀﾙ特例・800未満全面(枚数2を足した)(受注 13067400 の値)
Q1252A0,7,QQ1252A0,1100,1C1252,全面,Z5,1200,3,1,2,2,,リプラ,30,3,1200,1100,9,0,1100,8,,,HB,3,17,"枚数,包装仕様",赤,,,疑似ロット: 全面・1本積み不可で振り分け(吉川工業)(作った値)
Q1260A0,6,QQ1260A0,900,1C1260,スカシ,P4,950,3,2,,,,リプラ,30,2,950,,4,0,,,,,外装紙,,,枚数,,,"HB枚数,TotalC|VBAは間紙入のとき `中間本数 = .本数`(空欄→Long)で「型が一致しません」になり、ここから先を計算しない。移植は続きを計算する(不明点 Q23・回答済み)",疑似ロット: スカシ・ｺｲﾙ間は間紙入〇(協豊製作所)(作った値)
Q1250A0,5,QQ1250A0,900,1C1250,スカシ,P4,950,2,3,,,,外装紙,,,,,,,,,,,HB,6,0,"枚数,包装仕様",,,,疑似ロット: スカシ・上フタ井桁状・外装紙(作った値)
Q1127A0,5,QQ1127A0,1000,1C1127,ｸｰﾗｰﾌｨﾝ,F5,1050,2,3,,,810,外装紙,,,,,,,,,,,HB,6,0,"重量,高さ",,,,疑似ロット: ｸｰﾗｰﾌｨﾝ・EX・外装紙(作った値)
Q1178A0,6,QQ1178A0,1200,1C1178,スカシ,P6,1250,2,3,,,,リプラ,40,3,1150,1050,9,0,1050,6,,,HB,3,15,"枚数,包装仕様",,,,疑似ロット: スカシ・1250指定・強度アップ・リプラ40(作った値)
Q1253A0,5,QQ1253A0,800,1C1253,ｸｰﾗｰﾌｨﾝ,F2,820,2,3,,,,リプラ,30,2,800,700,6,0,700,4,,,HB,3,10,枚数,,,,疑似ロット: ｸｰﾗｰﾌｨﾝ・820指定・リプラ30(作った値)
Q1201A0,5,QQ1201A0,900,1C1201,ﾎｲｰﾙ,,,-1,-5,,,-190,外装紙,,,,,,,,,,,HB,-10,0,"重量,高さ",,,断る|VBAは「収まるパレットがDB上にありません」と知らせたあと計算を続け、積数-1・台数-5・総高さ-190・HB枚数-10 を出す。移植は断る(不明点 Q24・回答済み),疑似ロット: ﾎｲｰﾙ(作った値)
